id,first_name,last_name,email,country,ip_address,subscribed
1,Dorothy,Patterson,dpatterson@gigashots.gov,Comoros,230.68.162.110,false
2,Philip,Bowman,pbowman@browsezoom.name,Iraq,20.134.154.12,false
3,Diana,Murray,dmurray@skibox.com,South Georgia and the South Sandwich Islands,220.13.202.160,true
4,Anthony,Johnston,ajohnston@bubblemix.name,Tanzania,236.245.7.29,false
5,Albert,Daniels,adaniels@voomm.info,Poland,50.221.9.9,false
6,Eric,James,ejames@thoughtstorm.org,Chad,79.12.207.108,true
7,Billy,Garza,bgarza@realpoint.gov,Andorra,152.179.38.193,false
8,Joyce,Barnes,jbarnes@photolist.mil,Dominica,13.137.102.91,true
9,Rachel,Shaw,rshaw@kare.gov,Switzerland,50.213.199.133,false
10,Jimmy,Wood,jwood@jatri.org,Mozambique,146.138.186.12,false
11,Bobby,Hunt,bhunt@photofeed.mil,Bolivia,36.109.168.34,true
12,Phyllis,Tucker,ptucker@rooxo.mil,Indonesia,89.248.116.1,false
13,Justin,Norris,jross@yadel.info,Syria,139.88.243.84,false
14,Michelle,Cook,mcook@reallinks.net,Jersey,68.78.209.212,false
15,Ruby,Mcdonald,rmcdonald@skalith.name,Saint Vincent and the Grenadines,61.22.160.122,false
16,Bruce,Hanson,bhanson@skippad.com,Martinique,59.80.114.255,true
17,Jennifer,Lee,jlee@gevee.com,Fiji,26.180.134.134,false
18,Sarah,Collins,scollins@abatz.mil,French Southern Territories,28.10.216.74,false
19,Benjamin,James,bjames@shuffledrive.info,Greenland,141.108.240.196,true
20,Nicole,Sims,nsims@shufflester.edu,Bulgaria,8.215.29.254,true
21,Donald,Taylor,dtaylor@buzzdog.gov,Slovakia,245.229.143.151,true
22,Timothy,Gardner,tgardner@browsebug.mil,Mongolia,131.60.116.60,true
23,Ruth,Turner,rturner@brainfire.gov,Laos,75.180.131.45,false
24,Jennifer,Griffin,jgriffin@kanoodle.org,Israel,91.221.16.139,true
25,Ronald,Perkins,rperkins@edgeclub.org,Slovenia,21.159.16.57,false
26,Charles,Green,cgreen@edgeclub.biz,Palau,1.165.34.81,true
27,Antonio,Gardner,agardner@yombu.org,Ireland,208.9.17.232,false
28,Karen,Matthews,kmatthews@oozz.gov,Canada,8.71.196.1,true
29,Angela,Fuller,afuller@blognation.edu,Canada,181.155.157.188,true
30,Joan,Norris,jhanson@cogibox.org,Iran,155.108.236.78,false
31,Craig,Ward,cward@kamba.com,Israel,86.206.153.163,true
32,Benjamin,Sanders,bsanders@npath.name,Australia,210.17.40.249,true
33,Lillian,Marshall,lmarshall@wordpedia.biz,Greece,112.54.14.149,true
34,Craig,Lynch,clynch@kayveo.biz,San Marino,56.139.51.60,false
35,Deborah,Webb,dwebb@fiveclub.gov,Burundi,197.185.36.173,true
36,Richard,Perez,rperez@browseblab.biz,Mali,8.93.102.146,false
37,Marilyn,Norris,mgrant@gabtune.net,Myanmar,81.82.4.84,false
38,Tammy,Campbell,tcampbell@talane.mil,Senegal,255.176.201.114,true
39,Sara,Long,slong@fivespan.com,Iran,84.176.218.55,false
40,Ruth,Reid,rreid@pixoboo.com,Czech Republic,74.7.245.97,true
41,Samuel,Daniels,sdaniels@skinder.net,Spain,241.220.21.239,true
42,Kathy,Roberts,kroberts@meejo.net,Saudia Arabia,136.49.69.116,true
43,Linda,Norris,lruiz@quatz.edu,Canada,23.78.238.160,true
44,Frank,Dixon,fdixon@oyoba.name,Oman,190.245.20.238,false
45,Jacqueline,Mccoy,jmccoy@rooxo.edu,Comoros,125.79.49.112,false
46,Katherine,Price,kprice@talane.edu,Marshall Islands,69.181.199.222,false
47,Norma,Berry,nberry@jayo.info,Vanuatu,97.70.216.62,false
48,Gloria,Norris,gburns@wikizz.biz,Montenegro,79.177.234.185,false
49,Adam,Welch,awelch@livez.com,Hungary,1.252.242.71,true
50,Juan,Stanley,jstanley@quatz.biz,Serbia,67.232.199.174,false
51,Jacqueline,Williams,jwilliams@divanoodle.edu,Eritrea,82.55.247.19,true
52,Clarence,Bryant,cbryant@browsezoom.name,Libya,217.161.66.202,false
53,Linda,Moreno,lmoreno@kare.edu,American Samoa,152.248.192.242,false
54,Annie,Morgan,amorgan@browsetype.name,Austria,160.139.229.167,true
55,Lois,Mendoza,lmendoza@avamba.biz,Gambia,170.184.104.186,false
56,Christopher,Cox,ccox@trilia.biz,Paraguay,214.218.164.100,true
57,Karen,Gomez,kgomez@kwilith.net,Pakistan,97.59.41.252,true
58,Joan,Reynolds,jreynolds@dynabox.mil,San Marino,43.132.188.34,false
59,Bonnie,Crawford,bcrawford@kwideo.info,Lesotho,139.129.5.255,true
60,Rose,Medina,rmedina@meeveo.net,Turkmenistan,170.72.43.237,false
61,Judy,Frazier,jfrazier@topiczoom.org,United Arab Emirates,72.172.194.50,true
62,Sharon,Foster,sfoster@rhybox.gov,Cayman Islands,162.101.31.51,false
63,Paula,Mcdonald,pmcdonald@meezzy.name,Angola,42.106.162.18,false
64,Michael,Spencer,mspencer@janyx.org,Liechtenstein,221.147.238.186,true
65,Roger,Reed,rreed@yotz.org,Netherlands Antilles,23.154.253.245,true
66,Judith,Fuller,jfuller@topicware.com,Kiribati,227.164.189.90,false
67,Carlos,Clark,cclark@voonix.info,Togo,163.45.152.53,true
68,Fred,White,fwhite@jetwire.net,France,212.157.174.222,false
69,Susan,Ferguson,sferguson@voonte.biz,Egypt,154.63.142.232,true
70,Alice,Ford,aford@topicware.name,Hungary,104.241.205.142,false
71,Cynthia,Roberts,croberts@wordpedia.org,Burundi,122.58.165.184,true
72,Carlos,Roberts,croberts@roodel.net,Liberia,234.97.130.163,true
73,Harold,Graham,hgraham@quire.info,USSR,100.163.95.6,false
74,Jessica,Cole,jcole@livetube.mil,Bahrain,193.46.202.239,false
75,Gerald,Wallace,gwallace@brainsphere.biz,French Southern Territories,130.252.147.142,false
76,Louis,Williamson,lwilliamson@nlounge.info,Trinidad and Tobago,106.175.142.129,true
77,Paula,Holmes,pholmes@quatz.com,Brazil,17.32.125.72,true
78,Randy,Ramirez,rramirez@myworks.com,Hungary,77.110.134.242,true
79,Alan,Schmidt,aschmidt@trilia.gov,Faroe Islands,39.135.68.113,true
80,Christopher,Medina,cmedina@wikivu.com,Svalbard and Jan Mayen Islands,252.176.183.74,true
81,Anna,Freeman,afreeman@jamia.com,American Samoa,58.235.184.255,true
82,Fred,Crawford,fcrawford@flipstorm.edu,Pakistan,11.128.115.169,false
83,Justin,Ortiz,jortiz@mybuzz.name,Czech Republic,215.21.237.230,true
84,Janet,Hernandez,jhernandez@bubblebox.gov,Denmark,121.133.255.9,false
85,Henry,Green,hgreen@realcube.org,Morocco,12.37.134.241,false
86,Adam,Stewart,astewart@skipstorm.gov,Turkmenistan,152.66.213.27,true
87,Samuel,Chavez,schavez@youfeed.mil,Malawi,46.225.120.93,true
88,Russell,Willis,rwillis@jaxspan.gov,Thailand,59.156.94.218,false
89,Louis,Robertson,lrobertson@oyondu.gov,Latvia,121.158.102.132,false
90,Pamela,Jacobs,pjacobs@eayo.biz,Guatemala,44.106.242.26,false
91,Russell,Lane,rlane@edgeblab.biz,Ascension Island,15.84.71.148,false
92,Charles,Thompson,cthompson@oozz.name,Samoa,233.207.9.233,false
93,Carolyn,Tucker,ctucker@brainsphere.com,Åland,4.94.129.192,true
94,Jeremy,Daniels,jdaniels@skivee.net,Nicaragua,141.71.91.93,false
95,Judith,Carr,jcarr@gabvine.info,Wallis and Futuna Islands,75.5.27.238,true
96,Alan,Peters,apeters@wikizz.org,Nigeria,224.242.65.117,true
97,Craig,Mccoy,cmccoy@skyba.mil,Sierra Leone,47.89.55.142,true
98,Steve,Webb,swebb@blogtag.mil,Montenegro,222.223.53.136,true
99,Keith,Lawrence,klawrence@zoomcast.gov,Malta,145.53.69.191,true
100,Wanda,Campbell,wcampbell@meemm.name,Mauritania,81.244.21.88,true
